run_id,env,mode,base_policy_id,worker_policy_id,datasource_id,concurrency,task_id,source_index,start_time,end_time,duration_ms,status,error
20260716T115533Z_be7e37c1,linux,request,perf_request_request_20260716115533,perf_request_request_20260716115533,request,1,1,0,2026-07-16T11:55:34.705792+00:00,2026-07-16T11:55:38.674919+00:00,3969.1,success,
20260716T115533Z_be7e37c1,linux,request,perf_request_request_20260716115533,perf_request_request_20260716115533,request,1,2,1,2026-07-16T11:55:38.675016+00:00,2026-07-16T11:55:43.342116+00:00,4667.1,success,
20260716T115533Z_be7e37c1,linux,request,perf_request_request_20260716115533,perf_request_request_20260716115533,request,1,3,2,2026-07-16T11:55:43.342208+00:00,2026-07-16T11:55:48.896030+00:00,5553.8,success,
20260716T115533Z_be7e37c1,linux,request,perf_request_request_20260716115533,perf_request_request_20260716115533,request,1,4,3,2026-07-16T11:55:48.896164+00:00,2026-07-16T11:55:51.917241+00:00,3021.1,success,
20260716T115533Z_be7e37c1,linux,request,perf_request_request_20260716115533,perf_request_request_20260716115533,request,1,5,4,2026-07-16T11:55:51.917365+00:00,2026-07-16T11:55:57.262480+00:00,5345.1,success,
20260716T115533Z_be7e37c1,linux,request,perf_request_request_20260716115533,perf_request_request_20260716115533,request,1,6,5,2026-07-16T11:55:57.262625+00:00,2026-07-16T11:56:01.918006+00:00,4655.4,success,
20260716T115533Z_be7e37c1,linux,request,perf_request_request_20260716115533,perf_request_request_20260716115533,request,1,7,6,2026-07-16T11:56:01.918104+00:00,2026-07-16T11:56:07.557847+00:00,5639.7,success,
20260716T115533Z_be7e37c1,linux,request,perf_request_request_20260716115533,perf_request_request_20260716115533,request,1,8,7,2026-07-16T11:56:07.557960+00:00,2026-07-16T11:56:12.222431+00:00,4664.5,success,
20260716T115533Z_be7e37c1,linux,request,perf_request_request_20260716115533,perf_request_request_20260716115533,request,1,9,0,2026-07-16T11:56:12.222607+00:00,2026-07-16T11:56:16.275656+00:00,4053.0,success,
20260716T115533Z_be7e37c1,linux,request,perf_request_request_20260716115533,perf_request_request_20260716115533,request,1,10,1,2026-07-16T11:56:16.275802+00:00,2026-07-16T11:56:20.383643+00:00,4107.8,success,
20260716T115533Z_be7e37c1,linux,request,perf_request_request_20260716115533,perf_request_request_20260716115533,request,1,11,2,2026-07-16T11:56:20.383947+00:00,2026-07-16T11:56:25.434906+00:00,5051.0,success,
20260716T115533Z_be7e37c1,linux,request,perf_request_request_20260716115533,perf_request_request_20260716115533,request,1,12,3,2026-07-16T11:56:25.434994+00:00,2026-07-16T11:56:28.088091+00:00,2653.1,success,
20260716T115533Z_be7e37c1,linux,request,perf_request_request_20260716115533,perf_request_request_20260716115533,request,1,13,4,2026-07-16T11:56:28.088207+00:00,2026-07-16T11:56:33.474420+00:00,5386.2,success,
20260716T115533Z_be7e37c1,linux,request,perf_request_request_20260716115533,perf_request_request_20260716115533,request,1,14,5,2026-07-16T11:56:33.474528+00:00,2026-07-16T11:56:37.574924+00:00,4100.4,success,
20260716T115533Z_be7e37c1,linux,request,perf_request_request_20260716115533,perf_request_request_20260716115533,request,1,15,6,2026-07-16T11:56:37.575012+00:00,2026-07-16T11:56:43.078841+00:00,5503.8,success,
20260716T115533Z_be7e37c1,linux,request,perf_request_request_20260716115533,perf_request_request_20260716115533,request,1,16,7,2026-07-16T11:56:43.079054+00:00,2026-07-16T11:56:47.169469+00:00,4090.4,success,
20260716T115533Z_be7e37c1,linux,request,perf_request_request_20260716115533,perf_request_request_20260716115533,request,1,17,0,2026-07-16T11:56:47.169793+00:00,2026-07-16T11:56:50.997132+00:00,3827.3,success,
20260716T115533Z_be7e37c1,linux,request,perf_request_request_20260716115533,perf_request_request_20260716115533,request,1,18,1,2026-07-16T11:56:50.997224+00:00,2026-07-16T11:56:55.626058+00:00,4628.8,success,
20260716T115533Z_be7e37c1,linux,request,perf_request_request_20260716115533,perf_request_request_20260716115533,request,1,19,2,2026-07-16T11:56:55.626146+00:00,2026-07-16T11:57:01.098275+00:00,5472.1,success,
20260716T115533Z_be7e37c1,linux,request,perf_request_request_20260716115533,perf_request_request_20260716115533,request,1,20,3,2026-07-16T11:57:01.098523+00:00,2026-07-16T11:57:04.178963+00:00,3080.4,success,
20260716T115533Z_be7e37c1,linux,request,perf_request_request_20260716115533,perf_request_request_20260716115533,request,1,21,4,2026-07-16T11:57:04.179091+00:00,2026-07-16T11:57:10.078952+00:00,5899.9,success,
20260716T115533Z_be7e37c1,linux,request,perf_request_request_20260716115533,perf_request_request_20260716115533,request,1,22,5,2026-07-16T11:57:10.079040+00:00,2026-07-16T11:57:14.770100+00:00,4691.1,success,
20260716T115533Z_be7e37c1,linux,request,perf_request_request_20260716115533,perf_request_request_20260716115533,request,1,23,6,2026-07-16T11:57:14.770660+00:00,2026-07-16T11:57:20.685485+00:00,5914.8,success,
20260716T115533Z_be7e37c1,linux,request,perf_request_request_20260716115533,perf_request_request_20260716115533,request,1,24,7,2026-07-16T11:57:20.685661+00:00,2026-07-16T11:57:25.172061+00:00,4486.4,success,
20260716T115533Z_be7e37c1,linux,request,perf_request_request_20260716115533,perf_request_request_20260716115533,request,1,25,0,2026-07-16T11:57:25.172324+00:00,2026-07-16T11:57:28.697867+00:00,3525.5,success,
20260716T115533Z_be7e37c1,linux,request,perf_request_request_20260716115533,perf_request_request_20260716115533,request,1,26,1,2026-07-16T11:57:28.697958+00:00,2026-07-16T11:57:32.856413+00:00,4158.5,success,
20260716T115533Z_be7e37c1,linux,request,perf_request_request_20260716115533,perf_request_request_20260716115533,request,1,27,2,2026-07-16T11:57:32.856534+00:00,2026-07-16T11:57:37.523443+00:00,4666.9,success,
20260716T115533Z_be7e37c1,linux,request,perf_request_request_20260716115533,perf_request_request_20260716115533,request,1,28,3,2026-07-16T11:57:37.523550+00:00,2026-07-16T11:57:40.108351+00:00,2584.8,success,
20260716T115533Z_be7e37c1,linux,request,perf_request_request_20260716115533,perf_request_request_20260716115533,request,1,29,4,2026-07-16T11:57:40.108508+00:00,2026-07-16T11:57:45.483507+00:00,5375.0,success,
20260716T115533Z_be7e37c1,linux,request,perf_request_request_20260716115533,perf_request_request_20260716115533,request,1,30,5,2026-07-16T11:57:45.483738+00:00,2026-07-16T11:57:49.769238+00:00,4285.5,success,
20260716T115533Z_be7e37c1,linux,request,perf_request_request_20260716115533,perf_request_request_20260716115533,request,1,31,6,2026-07-16T11:57:49.770008+00:00,2026-07-16T11:57:55.250621+00:00,5480.6,success,
20260716T115533Z_be7e37c1,linux,request,perf_request_request_20260716115533,perf_request_request_20260716115533,request,1,32,7,2026-07-16T11:57:55.250735+00:00,2026-07-16T11:57:59.725396+00:00,4474.7,success,
20260716T115533Z_be7e37c1,linux,request,perf_request_request_20260716115533,perf_request_request_20260716115533,request,1,33,0,2026-07-16T11:57:59.725518+00:00,2026-07-16T11:58:03.691805+00:00,3966.3,success,
20260716T115533Z_be7e37c1,linux,request,perf_request_request_20260716115533,perf_request_request_20260716115533,request,1,34,1,2026-07-16T11:58:03.691900+00:00,2026-07-16T11:58:08.433319+00:00,4741.4,success,
20260716T115533Z_be7e37c1,linux,request,perf_request_request_20260716115533,perf_request_request_20260716115533,request,1,35,2,2026-07-16T11:58:08.433412+00:00,2026-07-16T11:58:13.626173+00:00,5192.8,success,
20260716T115533Z_be7e37c1,linux,request,perf_request_request_20260716115533,perf_request_request_20260716115533,request,1,36,3,2026-07-16T11:58:13.626800+00:00,2026-07-16T11:58:16.724918+00:00,3098.1,success,
20260716T115533Z_be7e37c1,linux,request,perf_request_request_20260716115533,perf_request_request_20260716115533,request,1,37,4,2026-07-16T11:58:16.725040+00:00,2026-07-16T11:58:22.218282+00:00,5493.2,success,
20260716T115533Z_be7e37c1,linux,request,perf_request_request_20260716115533,perf_request_request_20260716115533,request,1,38,5,2026-07-16T11:58:22.218421+00:00,2026-07-16T11:58:26.705039+00:00,4486.6,success,
20260716T115533Z_be7e37c1,linux,request,perf_request_request_20260716115533,perf_request_request_20260716115533,request,1,39,6,2026-07-16T11:58:26.705236+00:00,2026-07-16T11:58:32.145054+00:00,5439.8,success,
20260716T115533Z_be7e37c1,linux,request,perf_request_request_20260716115533,perf_request_request_20260716115533,request,1,40,7,2026-07-16T11:58:32.145194+00:00,2026-07-16T11:58:36.890257+00:00,4745.1,success,
20260716T115533Z_be7e37c1,linux,request,perf_request_request_20260716115533,perf_request_request_20260716115533,request,1,41,0,2026-07-16T11:58:36.890395+00:00,2026-07-16T11:58:40.431089+00:00,3540.7,success,
20260716T115533Z_be7e37c1,linux,request,perf_request_request_20260716115533,perf_request_request_20260716115533,request,1,42,1,2026-07-16T11:58:40.431205+00:00,2026-07-16T11:58:44.568193+00:00,4137.0,success,
20260716T115533Z_be7e37c1,linux,request,perf_request_request_20260716115533,perf_request_request_20260716115533,request,1,43,2,2026-07-16T11:58:44.568303+00:00,2026-07-16T11:58:49.588807+00:00,5020.5,success,
20260716T115533Z_be7e37c1,linux,request,perf_request_request_20260716115533,perf_request_request_20260716115533,request,1,44,3,2026-07-16T11:58:49.588903+00:00,2026-07-16T11:58:52.204469+00:00,2615.6,success,
20260716T115533Z_be7e37c1,linux,request,perf_request_request_20260716115533,perf_request_request_20260716115533,request,1,45,4,2026-07-16T11:58:52.204560+00:00,2026-07-16T11:58:56.789840+00:00,4585.3,success,
20260716T115533Z_be7e37c1,linux,request,perf_request_request_20260716115533,perf_request_request_20260716115533,request,1,46,5,2026-07-16T11:58:56.790155+00:00,2026-07-16T11:59:01.074513+00:00,4284.4,success,
20260716T115533Z_be7e37c1,linux,request,perf_request_request_20260716115533,perf_request_request_20260716115533,request,1,47,6,2026-07-16T11:59:01.074713+00:00,2026-07-16T11:59:06.730344+00:00,5655.6,success,
20260716T115533Z_be7e37c1,linux,request,perf_request_request_20260716115533,perf_request_request_20260716115533,request,1,48,7,2026-07-16T11:59:06.730480+00:00,2026-07-16T11:59:11.024149+00:00,4293.7,success,
20260716T115533Z_be7e37c1,linux,request,perf_request_request_20260716115533,perf_request_request_20260716115533,request,1,49,0,2026-07-16T11:59:11.024328+00:00,2026-07-16T11:59:14.919410+00:00,3895.1,success,
20260716T115533Z_be7e37c1,linux,request,perf_request_request_20260716115533,perf_request_request_20260716115533,request,1,50,1,2026-07-16T11:59:14.919636+00:00,2026-07-16T11:59:19.618701+00:00,4699.1,success,
20260716T115533Z_be7e37c1,linux,request,perf_request_request_20260716115533,perf_request_request_20260716115533,request,1,51,2,2026-07-16T11:59:19.619157+00:00,2026-07-16T11:59:25.148527+00:00,5529.4,success,
20260716T115533Z_be7e37c1,linux,request,perf_request_request_20260716115533,perf_request_request_20260716115533,request,1,52,3,2026-07-16T11:59:25.149950+00:00,2026-07-16T11:59:28.300405+00:00,3150.5,success,
20260716T115533Z_be7e37c1,linux,request,perf_request_request_20260716115533,perf_request_request_20260716115533,request,1,53,4,2026-07-16T11:59:28.300514+00:00,2026-07-16T11:59:33.930242+00:00,5629.7,success,
20260716T115533Z_be7e37c1,linux,request,perf_request_request_20260716115533,perf_request_request_20260716115533,request,1,54,5,2026-07-16T11:59:33.930408+00:00,2026-07-16T11:59:38.669335+00:00,4738.9,success,
20260716T115533Z_be7e37c1,linux,request,perf_request_request_20260716115533,perf_request_request_20260716115533,request,1,55,6,2026-07-16T11:59:38.670454+00:00,2026-07-16T11:59:43.538755+00:00,4868.3,success,
20260716T115533Z_be7e37c1,linux,request,perf_request_request_20260716115533,perf_request_request_20260716115533,request,1,56,7,2026-07-16T11:59:43.538903+00:00,2026-07-16T11:59:48.187846+00:00,4648.9,success,
20260716T115533Z_be7e37c1,linux,request,perf_request_request_20260716115533,perf_request_request_20260716115533,request,1,57,0,2026-07-16T11:59:48.187939+00:00,2026-07-16T11:59:51.627173+00:00,3439.2,success,
20260716T115533Z_be7e37c1,linux,request,perf_request_request_20260716115533,perf_request_request_20260716115533,request,1,58,1,2026-07-16T11:59:51.627290+00:00,2026-07-16T11:59:55.753891+00:00,4126.6,success,
20260716T115533Z_be7e37c1,linux,request,perf_request_request_20260716115533,perf_request_request_20260716115533,request,1,59,2,2026-07-16T11:59:55.753994+00:00,2026-07-16T12:00:00.666669+00:00,4912.7,success,
20260716T115533Z_be7e37c1,linux,request,perf_request_request_20260716115533,perf_request_request_20260716115533,request,1,60,3,2026-07-16T12:00:00.666929+00:00,2026-07-16T12:00:03.265920+00:00,2599.0,success,
20260716T115533Z_be7e37c1,linux,request,perf_request_request_20260716115533,perf_request_request_20260716115533,request,1,61,4,2026-07-16T12:00:03.266042+00:00,2026-07-16T12:00:07.989931+00:00,4723.9,success,
20260716T115533Z_be7e37c1,linux,request,perf_request_request_20260716115533,perf_request_request_20260716115533,request,1,62,5,2026-07-16T12:00:07.990029+00:00,2026-07-16T12:00:12.240253+00:00,4250.2,success,
20260716T115533Z_be7e37c1,linux,request,perf_request_request_20260716115533,perf_request_request_20260716115533,request,1,63,6,2026-07-16T12:00:12.240360+00:00,2026-07-16T12:00:17.575538+00:00,5335.2,success,
20260716T115533Z_be7e37c1,linux,request,perf_request_request_20260716115533,perf_request_request_20260716115533,request,1,64,7,2026-07-16T12:00:17.575743+00:00,2026-07-16T12:00:21.726201+00:00,4150.5,success,
20260716T115533Z_be7e37c1,linux,request,perf_request_request_20260716115533,perf_request_request_20260716115533,request,1,65,0,2026-07-16T12:00:21.726313+00:00,2026-07-16T12:00:25.244196+00:00,3517.9,success,
20260716T115533Z_be7e37c1,linux,request,perf_request_request_20260716115533,perf_request_request_20260716115533,request,1,66,1,2026-07-16T12:00:25.244292+00:00,2026-07-16T12:00:29.484649+00:00,4240.4,success,
20260716T115533Z_be7e37c1,linux,request,perf_request_request_20260716115533,perf_request_request_20260716115533,request,1,67,2,2026-07-16T12:00:29.484820+00:00,2026-07-16T12:00:34.197041+00:00,4712.2,success,
20260716T115533Z_be7e37c1,linux,request,perf_request_request_20260716115533,perf_request_request_20260716115533,request,1,68,3,2026-07-16T12:00:34.197220+00:00,2026-07-16T12:00:37.328410+00:00,3131.2,success,
20260716T115533Z_be7e37c1,linux,request,perf_request_request_20260716115533,perf_request_request_20260716115533,request,1,69,4,2026-07-16T12:00:37.328518+00:00,2026-07-16T12:00:43.042273+00:00,5713.8,success,
20260716T115533Z_be7e37c1,linux,request,perf_request_request_20260716115533,perf_request_request_20260716115533,request,1,70,5,2026-07-16T12:00:43.042422+00:00,2026-07-16T12:00:47.754546+00:00,4712.1,success,
20260716T115533Z_be7e37c1,linux,request,perf_request_request_20260716115533,perf_request_request_20260716115533,request,1,71,6,2026-07-16T12:00:47.755137+00:00,2026-07-16T12:00:53.274175+00:00,5519.0,success,
20260716T115533Z_be7e37c1,linux,request,perf_request_request_20260716115533,perf_request_request_20260716115533,request,1,72,7,2026-07-16T12:00:53.274298+00:00,2026-07-16T12:00:57.192251+00:00,3918.0,success,
20260716T115533Z_be7e37c1,linux,request,perf_request_request_20260716115533,perf_request_request_20260716115533,request,1,73,0,2026-07-16T12:00:57.192375+00:00,2026-07-16T12:01:00.626323+00:00,3433.9,success,
20260716T115533Z_be7e37c1,linux,request,perf_request_request_20260716115533,perf_request_request_20260716115533,request,1,74,1,2026-07-16T12:01:00.626670+00:00,2026-07-16T12:01:04.655336+00:00,4028.7,success,
20260716T115533Z_be7e37c1,linux,request,perf_request_request_20260716115533,perf_request_request_20260716115533,request,1,75,2,2026-07-16T12:01:04.655462+00:00,2026-07-16T12:01:09.330827+00:00,4675.4,success,
20260716T115533Z_be7e37c1,linux,request,perf_request_request_20260716115533,perf_request_request_20260716115533,request,1,76,3,2026-07-16T12:01:09.330928+00:00,2026-07-16T12:01:12.012086+00:00,2681.2,success,
20260716T115533Z_be7e37c1,linux,request,perf_request_request_20260716115533,perf_request_request_20260716115533,request,1,77,4,2026-07-16T12:01:12.012212+00:00,2026-07-16T12:01:17.121304+00:00,5109.1,success,
20260716T115533Z_be7e37c1,linux,request,perf_request_request_20260716115533,perf_request_request_20260716115533,request,1,78,5,2026-07-16T12:01:17.121417+00:00,2026-07-16T12:01:21.183687+00:00,4062.3,success,
20260716T115533Z_be7e37c1,linux,request,perf_request_request_20260716115533,perf_request_request_20260716115533,request,1,79,6,2026-07-16T12:01:21.184216+00:00,2026-07-16T12:01:26.315878+00:00,5131.7,success,
20260716T115533Z_be7e37c1,linux,request,perf_request_request_20260716115533,perf_request_request_20260716115533,request,1,80,7,2026-07-16T12:01:26.316380+00:00,2026-07-16T12:01:30.665315+00:00,4348.9,success,
20260716T115533Z_be7e37c1,linux,request,perf_request_request_20260716115533,perf_request_request_20260716115533,request,1,81,0,2026-07-16T12:01:30.665470+00:00,2026-07-16T12:01:34.042974+00:00,3377.5,success,
20260716T115533Z_be7e37c1,linux,request,perf_request_request_20260716115533,perf_request_request_20260716115533,request,1,82,1,2026-07-16T12:01:34.043064+00:00,2026-07-16T12:01:38.601028+00:00,4558.0,success,
20260716T115533Z_be7e37c1,linux,request,perf_request_request_20260716115533,perf_request_request_20260716115533,request,1,83,2,2026-07-16T12:01:38.601117+00:00,2026-07-16T12:01:43.531370+00:00,4930.3,success,
20260716T115533Z_be7e37c1,linux,request,perf_request_request_20260716115533,perf_request_request_20260716115533,request,1,84,3,2026-07-16T12:01:43.531490+00:00,2026-07-16T12:01:46.633341+00:00,3101.9,success,
20260716T115533Z_be7e37c1,linux,request,perf_request_request_20260716115533,perf_request_request_20260716115533,request,1,85,4,2026-07-16T12:01:46.633460+00:00,2026-07-16T12:01:51.895137+00:00,5261.7,success,
20260716T115533Z_be7e37c1,linux,request,perf_request_request_20260716115533,perf_request_request_20260716115533,request,1,86,5,2026-07-16T12:01:51.895272+00:00,2026-07-16T12:01:56.014035+00:00,4118.8,success,
20260716T115533Z_be7e37c1,linux,request,perf_request_request_20260716115533,perf_request_request_20260716115533,request,1,87,6,2026-07-16T12:01:56.014175+00:00,2026-07-16T12:02:01.720407+00:00,5706.2,success,
20260716T115533Z_be7e37c1,linux,request,perf_request_request_20260716115533,perf_request_request_20260716115533,request,1,88,7,2026-07-16T12:02:01.720836+00:00,2026-07-16T12:02:06.375198+00:00,4654.4,success,
20260716T115533Z_be7e37c1,linux,request,perf_request_request_20260716115533,perf_request_request_20260716115533,request,1,89,0,2026-07-16T12:02:06.375346+00:00,2026-07-16T12:02:10.015969+00:00,3640.6,success,
20260716T115533Z_be7e37c1,linux,request,perf_request_request_20260716115533,perf_request_request_20260716115533,request,1,90,1,2026-07-16T12:02:10.016071+00:00,2026-07-16T12:02:14.211865+00:00,4195.8,success,
20260716T115533Z_be7e37c1,linux,request,perf_request_request_20260716115533,perf_request_request_20260716115533,request,1,91,2,2026-07-16T12:02:14.212001+00:00,2026-07-16T12:02:19.167355+00:00,4955.4,success,
20260716T115533Z_be7e37c1,linux,request,perf_request_request_20260716115533,perf_request_request_20260716115533,request,1,92,3,2026-07-16T12:02:19.167474+00:00,2026-07-16T12:02:22.214243+00:00,3046.8,success,
20260716T115533Z_be7e37c1,linux,request,perf_request_request_20260716115533,perf_request_request_20260716115533,request,1,93,4,2026-07-16T12:02:22.214356+00:00,2026-07-16T12:02:26.929719+00:00,4715.4,success,
20260716T115533Z_be7e37c1,linux,request,perf_request_request_20260716115533,perf_request_request_20260716115533,request,1,94,5,2026-07-16T12:02:26.929878+00:00,2026-07-16T12:02:31.192417+00:00,4262.5,success,
20260716T115533Z_be7e37c1,linux,request,perf_request_request_20260716115533,perf_request_request_20260716115533,request,1,95,6,2026-07-16T12:02:31.192672+00:00,2026-07-16T12:02:36.803321+00:00,5610.6,success,
20260716T115533Z_be7e37c1,linux,request,perf_request_request_20260716115533,perf_request_request_20260716115533,request,1,96,7,2026-07-16T12:02:36.803471+00:00,2026-07-16T12:02:41.283677+00:00,4480.2,success,
20260716T115533Z_be7e37c1,linux,request,perf_request_request_20260716115533,perf_request_request_20260716115533,request,1,97,0,2026-07-16T12:02:41.283915+00:00,2026-07-16T12:02:44.751141+00:00,3467.2,success,
20260716T115533Z_be7e37c1,linux,request,perf_request_request_20260716115533,perf_request_request_20260716115533,request,1,98,1,2026-07-16T12:02:44.751426+00:00,2026-07-16T12:02:49.313124+00:00,4561.7,success,
20260716T115533Z_be7e37c1,linux,request,perf_request_request_20260716115533,perf_request_request_20260716115533,request,1,99,2,2026-07-16T12:02:49.313343+00:00,2026-07-16T12:02:54.572896+00:00,5259.6,success,
20260716T115533Z_be7e37c1,linux,request,perf_request_request_20260716115533,perf_request_request_20260716115533,request,1,100,3,2026-07-16T12:02:54.573112+00:00,2026-07-16T12:02:57.231978+00:00,2658.9,success,
